{
    "last10g_ELOk32": {
        "accuracy": 0.6425599365959976,
        "confusion_matrix": [
            940,
            1112,
            692,
            2303
        ],
        "FPR": 0.10724274279101167,
        "FNR": 0.04655856825674494,
        "AUC": 0.6488165220487084
    }
}