{
    "last10g_ELOk32": {
        "accuracy": 0.6431543491182881,
        "confusion_matrix": [
            944,
            1108,
            693,
            2302
        ],
        "FPR": 0.1068569775291735,
        "FNR": 0.04662584942474601,
        "AUC": 0.6494844737041425
    },
    "last10g_ELOk32_SVC": {
        "accuracy": 0.5934218347533188,
        "confusion_matrix": [
            0,
            2052,
            0,
            2995
        ],
        "FPR": 0.19789757932298196,
        "FNR": 0.0,
        "AUC": 0.695122761592883
    },
    "last10g_ELOk32_players": {
        "accuracy": 0.6403804240142659,
        "confusion_matrix": [
            947,
            1105,
            710,
            2285
        ],
        "FPR": 0.10656765358279487,
        "FNR": 0.047769629280764316,
        "AUC": 0.6482166658911607
    },
    "last10g_ELOk32Mvm1": {
        "accuracy": 0.6487021993263324,
        "confusion_matrix": [
            957,
            1095,
            678,
            2317
        ],
        "FPR": 0.10560324042819944,
        "FNR": 0.045616631904729865,
        "AUC": 0.6531174621156703
    },
    "last10g_ELOk32Mvm2": {
        "accuracy": [
            0.6470360951826397,
            0.015367724896039077
        ],
        "confusion_matrix": [
            943,
            1109,
            658,
            2337
        ],
        "FPR": 0.10695341884463304,
        "FNR": 0.044271008544708335,
        "AUC": 0.6470803772212219
    },
    "last10g_ELOk20Mvm": {
        "accuracy": [
            0.6489780862342205,
            0.013556557636108624
        ],
        "confusion_matrix": [
            990,
            1062,
            701,
            2294
        ],
        "FPR": 0.10242067701803452,
        "FNR": 0.047164098768754624,
        "AUC": 0.6434549416382749
    }
}