{
    "last10g_ELOk32": {
        "accuracy": 0.6431543491182881,
        "confusion_matrix": [
            944,
            1108,
            693,
            2302
        ],
        "FPR": 0.1068569775291735,
        "FNR": 0.04662584942474601,
        "AUC": 0.6494844737041425
    },
    "last10g_ELOk32_SVC": {
        "accuracy": 0.5934218347533188,
        "confusion_matrix": [
            0,
            2052,
            0,
            2995
        ],
        "FPR": 0.19789757932298196,
        "FNR": 0.0,
        "AUC": 0.695122761592883
    },
    "last10g_ELOk32_players": {
        "accuracy": 0.6403804240142659,
        "confusion_matrix": [
            947,
            1105,
            710,
            2285
        ],
        "FPR": 0.10656765358279487,
        "FNR": 0.047769629280764316,
        "AUC": 0.6482166658911607
    },
    "last10g_ELOk32Mvm1": {
        "accuracy": 0.6487021993263324,
        "confusion_matrix": [
            957,
            1095,
            678,
            2317
        ],
        "FPR": 0.10560324042819944,
        "FNR": 0.045616631904729865,
        "AUC": 0.6531174621156703
    },
    "last10g_ELOk32Mvm2": {
        "accuracy": [
            0.6470360951826397,
            0.015367724896039077
        ],
        "confusion_matrix": [
            943,
            1109,
            658,
            2337
        ],
        "FPR": 0.10695341884463304,
        "FNR": 0.044271008544708335,
        "AUC": 0.6470803772212219
    },
    "last10g_ELOk20Mvm": {
        "accuracy": [
            0.6489780862342205,
            0.013556557636108624
        ],
        "confusion_matrix": [
            990,
            1062,
            701,
            2294
        ],
        "FPR": 0.10242067701803452,
        "FNR": 0.047164098768754624,
        "AUC": 0.6434549416382749
    },
    "dummy_all_scaling": {
        "accuracy": [
            0.5890535755675362,
            0.00012569730509946232
        ],
        "confusion_matrix": [
            0,
            2052,
            0,
            2995
        ],
        "FPR": 0.19789757932298196,
        "FNR": 0.0,
        "AUC": 0.5
    },
    "RndFor_all_scaling": {
        "accuracy": [
            0.601932019399339,
            0.05534316897395826
        ],
        "confusion_matrix": [
            994,
            1058,
            709,
            2286
        ],
        "FPR": 0.10203491175619636,
        "FNR": 0.047702348112763235,
        "AUC": 0.6478841857051856
    },
    "NaiveBayes_all_scaling": {
        "accuracy": [
            0.6603530090520617,
            0.014507467738821734
        ],
        "confusion_matrix": [
            1158,
            894,
            833,
            2162
        ],
        "FPR": 0.08621853602083132,
        "FNR": 0.05604521294489672,
        "AUC": 0.5
    },
    "LogiRegre_all_scaling": {
        "accuracy": [
            0.5890535755675362,
            0.00012569730509946232
        ],
        "confusion_matrix": [
            939,
            1113,
            597,
            2398
        ],
        "FPR": 0.10733918410647121,
        "FNR": 0.04016685729664267,
        "AUC": 0.5
    },
    "dummy_all_noScaling": {
        "accuracy": [
            0.5890535755675362,
            0.00012569730509946232
        ],
        "confusion_matrix": [
            0,
            2052,
            0,
            2995
        ],
        "FPR": 0.19789757932298196,
        "FNR": 0.0,
        "AUC": 0.5
    },
    "RndFor_all_noScaling": {
        "accuracy": [
            0.6335599960553087,
            0.024999770946424592
        ],
        "confusion_matrix": [
            982,
            1070,
            707,
            2288
        ],
        "FPR": 0.10319220754171086,
        "FNR": 0.04756778577676109,
        "AUC": 0.9808314596229905
    },
    "NaiveBayes_all_noScaling": {
        "accuracy": [
            0.6556760685999423,
            0.020781677588289756
        ],
        "confusion_matrix": [
            1146,
            906,
            838,
            2157
        ],
        "FPR": 0.08737583180634584,
        "FNR": 0.0563816187849021,
        "AUC": 0.7007925674872
    },
    "LogiRegre_all_noScaling": {
        "accuracy": [
            0.5890535755675362,
            0.00012569730509946232
        ],
        "confusion_matrix": [
            0,
            2052,
            0,
            2995
        ],
        "FPR": 0.19789757932298196,
        "FNR": 0.0,
        "AUC": 0.5063805114909182
    },
    "dummy_v2_noScaling": {
        "accuracy": [
            0.5890535755675362,
            0.00012569730509946232
        ],
        "confusion_matrix": [
            0,
            2052,
            0,
            2995
        ],
        "FPR": 0.19789757932298196,
        "FNR": 0.0,
        "AUC": 0.5
    },
    "RndFor_v2_noScaling": {
        "accuracy": [
            0.6479082457241241,
            0.01747792022142167
        ],
        "confusion_matrix": [
            974,
            1078,
            690,
            2305
        ],
        "FPR": 0.10396373806538721,
        "FNR": 0.046424005920742785,
        "AUC": 0.9797251000096052
    },
    "NaiveBayes_v2_noScaling": {
        "accuracy": [
            0.6567455479320834,
            0.017793473466850177
        ],
        "confusion_matrix": [
            1146,
            906,
            838,
            2157
        ],
        "FPR": 0.08737583180634584,
        "FNR": 0.0563816187849021,
        "AUC": 0.70025582351796
    },
    "LogiRegre_v2_noScaling": {
        "accuracy": [
            0.6632460758800337,
            0.015708697590722992
        ],
        "confusion_matrix": [
            946,
            1106,
            583,
            2412
        ],
        "FPR": 0.10666409489825442,
        "FNR": 0.0392249209446276,
        "AUC": 0.7031743493846492
    },
    "dummy_v3_noScaling": {
        "accuracy": [
            0.5890535755675362,
            0.00012569730509946232
        ],
        "confusion_matrix": [
            0,
            2052,
            0,
            2995
        ],
        "FPR": 0.19789757932298196,
        "FNR": 0.0,
        "AUC": 0.5
    },
    "RndFor_v3_noScaling": {
        "accuracy": [
            0.6453725252243544,
            0.017635811422264114
        ],
        "confusion_matrix": [
            988,
            1064,
            735,
            2260
        ],
        "FPR": 0.1026135596489536,
        "FNR": 0.04945165848079123,
        "AUC": 0.9809841805421395
    },
    "NaiveBayes_v3_noScaling": {
        "accuracy": [
            0.6553987467439021,
            0.015738878625939867
        ],
        "confusion_matrix": [
            997,
            1055,
            698,
            2297
        ],
        "FPR": 0.10174558780981773,
        "FNR": 0.046962255264751396,
        "AUC": 0.6929963613339896
    },
    "LogiRegre_v3_noScaling": {
        "accuracy": [
            0.6618589483879842,
            0.014975226677307501
        ],
        "confusion_matrix": [
            949,
            1103,
            581,
            2414
        ],
        "FPR": 0.10637477095187578,
        "FNR": 0.03909035860862545,
        "AUC": 0.702520510617671
    },
    "RndFor_v4_noScaling": {
        "accuracy": [
            0.650246417585786,
            0.015774809963657443
        ],
        "confusion_matrix": [
            997,
            1055,
            706,
            2289
        ],
        "FPR": 0.10174558780981773,
        "FNR": 0.04750050460876001,
        "AUC": 0.9807339898510619
    },
    "NaiveBayes_v4_noScaling": {
        "accuracy": [
            0.6544872592120793,
            0.016036765960797946
        ],
        "confusion_matrix": [
            1110,
            942,
            788,
            2207
        ],
        "FPR": 0.09084771916288938,
        "FNR": 0.053017560384848283,
        "AUC": 0.6947717497244109
    },