{
    "last10g_ELOk32": {
        "accuracy": 0.6423617990885675,
        "confusion_matrix": [
            940,
            1112,
            693,
            2302
        ],
        "FPR": 0.10724274279101167,
        "FNR": 0.04662584942474601,
        "AUC": 0.6553214962384415
    }
}