{
    "last10g_ELOk32": {
        "accuracy": 0.6431543491182881,
        "confusion_matrix": [
            944,
            1108,
            693,
            2302
        ],
        "FPR": 0.1068569775291735,
        "FNR": 0.04662584942474601,
        "AUC": 0.6494844737041425
    }
}