{
    "last10g_ELOk32": {
        "accuracy": 0.6431543491182881,
        "confusion_matrix": [
            944,
            1108,
            693,
            2302
        ],
        "FPR": 0.1068569775291735,
        "FNR": 0.04662584942474601,
        "AUC": 0.6494844737041425
    },
    "last10g_ELOk32_SVC": {
        "accuracy": 0.5934218347533188,
        "confusion_matrix": [
            0,
            2052,
            0,
            2995
        ],
        "FPR": 0.19789757932298196,
        "FNR": 0.0,
        "AUC": 0.695122761592883
    },
    "last10g_ELOk32_players": {
        "accuracy": 0.6403804240142659,
        "confusion_matrix": [
            947,
            1105,
            710,
            2285
        ],
        "FPR": 0.10656765358279487,
        "FNR": 0.047769629280764316,
        "AUC": 0.6482166658911607
    },
    "last10g_ELOk32Mvm1": {
        "accuracy": 0.6487021993263324,
        "confusion_matrix": [
            957,
            1095,
            678,
            2317
        ],
        "FPR": 0.10560324042819944,
        "FNR": 0.045616631904729865,
        "AUC": 0.6531174621156703
    }
}